City,Lat,Long,Max Temp,Humidity,Cloudiness,Wind Speed,Country,Date
katsuura,35.1333,140.3,71.19,95,100,15.12,JP,1625426941
ponta do sol,32.6667,-17.1,74.03,81,0,5.32,PT,1625426941
causapscal,48.3542,-67.227,70.03,44,100,4.65,CA,1625426942
kapaa,22.0752,-159.319,80.92,77,75,5.01,US,1625426942
manokwari,-0.8667,134.0833,77.54,84,100,5.91,ID,1625426943
malindi,-3.2175,40.1191,76.68,79,34,17.54,KE,1625426944
barrow,71.2906,-156.7887,46.42,93,40,0.0,US,1625426944
hilo,19.7297,-155.09,78.8,77,40,9.22,US,1625426945
guilin,25.2819,110.2864,75.31,96,100,1.12,CN,1625426945
naze,28.3667,129.4833,77.43,90,100,11.34,JP,1625426946
ushuaia,-54.8,-68.3,40.66,75,0,6.91,AR,1625426946
rikitea,-23.1203,-134.9692,74.95,69,0,18.34,PF,1625426947
evensk,61.95,159.2333,51.1,81,18,4.41,RU,1625426947
narsaq,60.9167,-46.05,64.62,63,43,3.94,GL,1625426948
avarua,-21.2078,-159.775,78.85,83,40,10.36,CK,1625426948
tautira,-17.7333,-149.15,77.02,81,0,15.48,PF,1625426949
albany,42.6001,-73.9662,73.78,72,100,3.11,US,1625426804
santa cruz,-17.8,-63.1667,82.45,39,0,13.8,BO,1625426949
listvyanka,51.8535,104.8693,54.9,92,51,4.32,RU,1625426950
thompson,55.7435,-97.8558,50.16,93,90,10.36,CA,1625426678
torbay,47.6666,-52.7314,48.58,95,90,16.11,CA,1625426951
te anau,-45.4167,167.7167,43.68,88,75,7.4,NZ,1625426951
tasiilaq,65.6145,-37.6368,41.16,84,99,3.11,GL,1625426952
veraval,20.9,70.3667,84.6,73,100,12.8,IN,1625426953
bluff,-46.6,168.3333,43.45,84,100,10.49,NZ,1625426953
udachnyy,66.4167,112.4,62.33,58,100,9.08,RU,1625426954
olafsvik,64.8945,-23.7142,50.63,84,100,12.82,IS,1625426954
kuloy,61.0305,42.4925,55.31,61,1,3.96,RU,1625426955
yabrud,33.9674,36.6574,64.06,38,0,3.18,SY,1625426955
hamilton,39.1834,-84.5333,89.76,62,20,1.01,US,1625426956
vaini,-21.2,-175.2,68.16,77,40,14.97,TO,1625426956
souillac,-20.5167,57.5167,73.36,83,40,17.27,MU,1625426957
atuona,-9.8,-139.0333,78.64,80,32,25.57,PF,1625426957
yumen,40.2833,97.2,69.39,25,100,11.97,CN,1625426957
jamestown,42.097,-79.2353,81.01,49,20,3.0,US,1625426900
mastic beach,40.7668,-72.8521,74.98,72,75,1.99,US,1625426958
markova,48.6758,24.4138,58.57,95,89,3.56,UA,1625426959
pimentel,-6.8367,-79.9342,71.89,64,90,6.91,PE,1625426960
puerto ayora,-0.7393,-90.3518,82.36,90,47,7.0,EC,1625426960
hobyo,5.3505,48.5268,78.12,80,100,24.2,SO,1625426961
cape town,-33.9258,18.4232,53.28,87,40,5.75,ZA,1625426664
sur,22.5667,59.5289,86.5,67,5,13.56,OM,1625426962
bandarbeyla,9.4942,50.8122,77.2,80,99,29.89,SO,1625426963
sitka,57.0531,-135.33,58.89,72,90,11.5,US,1625426963
hualmay,-11.0964,-77.6139,68.65,66,3,10.87,PE,1625426964
castro,-24.7911,-50.0119,62.42,62,99,4.16,BR,1625426964
qaanaaq,77.484,-69.3632,34.29,71,92,0.94,GL,1625426965
pacific grove,36.6177,-121.9166,80.56,79,40,5.01,US,1625426700
port alfred,-33.5906,26.891,59.13,63,2,22.59,ZA,1625426965
waingapu,-9.6567,120.2641,71.42,81,42,9.57,ID,1625426966
panaba,21.2833,-88.2667,90.48,53,87,11.63,MX,1625426966
mataura,-46.1927,168.8643,34.77,92,100,3.4,NZ,1625426967
sosnytsya,51.5239,32.4999,66.47,87,19,9.86,UA,1625426967
tiksi,71.6872,128.8694,59.09,63,27,11.61,RU,1625426968
sao filipe,14.8961,-24.4956,76.71,65,6,13.71,CV,1625426968
yerbogachen,61.2767,108.0108,58.87,72,100,3.8,RU,1625426969
saint-georges,12.0564,-61.7485,83.88,79,20,16.11,GD,1625426969
paamiut,61.994,-49.6678,42.22,90,94,2.55,GL,1625426970
boyolangu,-8.1181,111.8935,73.87,91,69,3.58,ID,1625426970
xuddur,4.1213,43.8894,77.41,55,100,18.9,SO,1625426971
margate,51.3813,1.3862,64.04,76,8,4.0,GB,1625426971
luderitz,-26.6481,15.1594,59.05,57,0,24.54,NA,1625426972
umba,66.6871,34.3429,58.37,78,14,9.06,RU,1625426972
lebu,-37.6167,-73.65,53.62,76,0,5.46,CL,1625426973
nikolskoye,59.7035,30.7861,73.29,69,1,5.55,RU,1625426973
languyan,5.2618,120.0807,78.64,89,100,7.63,PH,1625426974
morondava,-20.2833,44.2833,69.85,71,0,10.63,MG,1625426974
parkes,-33.1333,148.1833,39.34,90,94,2.51,AU,1625426975
port keats,-14.25,129.55,62.44,41,100,9.62,AU,1625426975
bethel,41.3712,-73.414,76.35,71,75,1.01,US,1625426838
kloulklubed,7.0419,134.2556,77.5,73,100,2.26,PW,1625426976
husavik,66.0449,-17.3389,51.71,84,46,6.53,IS,1625426977
longyearbyen,78.2186,15.6401,40.84,81,20,12.66,SJ,1625426977
durant,33.994,-96.3708,88.48,41,1,6.91,US,1625426953
valdivia,-39.8142,-73.2459,50.09,76,88,2.71,CL,1625426978
tutoia,-2.7619,-42.2744,89.58,75,98,6.38,BR,1625426979
ixtapa,20.7,-105.2,86.23,58,40,8.05,MX,1625426979
east london,-33.0153,27.9116,59.81,62,5,19.84,ZA,1625426694
yellowknife,62.456,-114.3525,64.33,33,20,1.01,CA,1625426980
fairbanks,64.8378,-147.7164,67.6,52,20,5.75,US,1625426980
banamba,13.55,-7.45,82.49,58,85,11.41,ML,1625426981
kabalo,-6.05,26.9167,78.91,31,5,4.12,CD,1625426982
sokoto,13.0609,5.239,94.15,35,18,2.8,NG,1625426982
nsanje,-16.92,35.262,68.7,57,3,2.57,MW,1625426983
butaritari,3.0707,172.7902,82.62,72,100,10.27,KI,1625426984
el sauzal,31.9,-116.6833,70.41,82,20,10.54,MX,1625426984
olga,43.7444,135.2892,58.86,98,100,13.33,RU,1625426985
beloha,-25.1667,45.05,63.27,68,0,2.84,MG,1625426985
pemangkat,1.1667,108.9667,77.74,88,69,9.37,ID,1625426986
saint-philippe,-21.3585,55.7679,69.35,77,23,12.26,RE,1625426986
kovdor,67.5662,30.4758,66.49,69,1,4.65,RU,1625426987
hermanus,-34.4187,19.2345,52.9,74,79,10.29,ZA,1625426987
cherskiy,68.75,161.3,67.64,30,100,1.79,RU,1625426988
pisco,-13.7,-76.2167,64.45,72,0,10.36,PE,1625426988
punta arenas,-53.15,-70.9167,42.91,75,0,2.3,CL,1625426721
altamira,-3.2033,-52.2064,84.29,74,75,3.44,BR,1625426989
pevek,69.7008,170.3133,41.56,60,100,4.05,RU,1625426990
mount gambier,-37.8333,140.7667,44.51,87,90,8.05,AU,1625426990
fort nelson,58.8053,-122.7002,72.99,53,40,4.61,CA,1625426991
chisec,15.8167,-90.2833,89.26,55,98,3.42,GT,1625426991
truro,50.2653,-5.0544,61.54,100,100,12.91,GB,1625426992
nortelandia,-14.4547,-56.8028,92.46,17,0,4.27,BR,1625426992
tuktoyaktuk,69.4541,-133.0374,59.0,88,90,5.75,CA,1625426993
itoman,26.1247,127.6694,82.42,91,20,12.66,JP,1625426993
yeppoon,-23.1333,150.7333,49.78,71,0,6.15,AU,1625426994
hobart,-42.8794,147.3294,46.26,84,90,1.01,AU,1625426994
tilichiki,60.4667,166.1,51.71,66,0,4.25,RU,1625426995
norman wells,65.282,-126.8329,64.44,77,75,5.75,CA,1625426995
san luis,-33.295,-66.3356,64.09,30,16,8.57,AR,1625426906
almaznyy,48.0448,40.045,69.94,69,100,10.65,RU,1625426996
bisho,-32.8472,27.4422,46.92,76,5,8.03,ZA,1625426997
les escoumins,48.1111,-69.0236,64.96,50,98,8.14,CA,1625426997
bengkulu,-3.8004,102.2655,74.46,90,22,4.29,ID,1625426998
sidi bin nur,35.5333,10.9167,82.31,61,1,6.53,TN,1625426998
kodiak,57.79,-152.4072,51.31,87,90,5.75,US,1625426999
antalaha,-14.9003,50.2788,69.26,92,99,5.91,MG,1625426999
lata,40.1629,-8.3327,71.04,66,0,6.98,PT,1625427000
biak,-0.9131,122.8766,74.79,86,100,7.09,ID,1625427001
kortkeros,61.8106,51.5806,57.2,60,12,4.29,RU,1625427003
chernyshevskiy,63.0128,112.4714,57.81,71,100,3.87,RU,1625427004
khatanga,71.9667,102.5,45.91,59,64,16.58,RU,1625427005
cap malheureux,-19.9842,57.6142,73.47,70,6,10.0,MU,1625427006
busselton,-33.65,115.3333,52.05,77,98,30.22,AU,1625427006
tolaga bay,-38.3667,178.3,43.57,82,0,4.41,NZ,1625427007
enshi,30.3,109.4833,73.87,98,84,0.81,CN,1625427008
faanui,-16.4833,-151.75,80.22,77,7,16.4,PF,1625427008
arraial do cabo,-22.9661,-42.0278,73.36,68,0,9.22,BR,1625427009
saint anthony,45.0205,-93.218,95.14,45,1,5.99,US,1625427009
chuy,-33.6971,-53.4616,52.75,63,100,2.8,UY,1625427010
airai,-8.9266,125.4092,53.4,75,10,2.68,TL,1625427010
kabin buri,13.9511,101.7177,78.76,83,100,3.31,TH,1625427011
namatanai,-3.6667,152.4333,78.87,82,37,4.63,PG,1625427011
kahului,20.8947,-156.47,82.98,67,20,20.71,US,1625426813
anori,-3.7728,-61.6442,79.95,74,99,1.36,BR,1625427012
byron bay,-28.65,153.6167,55.35,87,14,8.28,AU,1625427012
itaqui,-29.1253,-56.5531,61.86,69,85,6.82,BR,1625427013
cachoeirinha,-29.9511,-51.0939,66.69,75,0,8.05,BR,1625426909
bundaberg,-24.85,152.35,55.69,78,6,3.0,AU,1625427014
conceicao da barra,-18.5933,-39.7322,72.21,65,91,7.65,BR,1625427014
ancud,-41.8697,-73.8203,54.93,87,100,9.8,CL,1625427015
plettenberg bay,-34.0527,23.3716,53.02,80,31,11.16,ZA,1625427015
kavaratti,10.5669,72.642,82.76,78,100,18.63,IN,1625427016
yarada,17.65,83.2667,77.32,100,90,2.3,IN,1625427016
mata de sao joao,-12.5303,-38.2992,76.75,91,93,4.25,BR,1625427017
bambanglipuro,-7.95,110.2833,56.61,89,17,4.85,ID,1625427017
henties bay,-22.116,14.2845,56.86,90,6,9.75,NA,1625427018
camalu,30.85,-116.0667,79.43,67,15,11.97,MX,1625427019
lieksa,63.3167,30.0167,69.15,63,56,5.75,FI,1625427019
villa de reyes,21.8,-100.9333,77.27,35,46,3.04,MX,1625427020
port lincoln,-34.7333,135.8667,49.77,75,100,4.34,AU,1625427020
new norfolk,-42.7826,147.0587,45.9,85,85,1.01,AU,1625427021
geraldton,-28.7667,114.6,63.01,72,75,13.8,AU,1625427021
perth,-31.9333,115.8333,59.13,91,75,13.8,AU,1625426815
thomaston,32.8882,-84.3266,88.05,43,1,1.99,US,1625427022
gore,-46.1028,168.9436,34.18,91,100,3.71,NZ,1625427022
ushumun,52.7833,126.5333,63.01,93,94,2.77,RU,1625427023
nome,64.5011,-165.4064,50.07,93,90,12.66,US,1625427023
zhongshu,24.5167,103.7667,65.55,98,96,1.72,CN,1625427024
codrington,-38.2667,141.9667,49.5,83,97,7.45,AU,1625427025
corsicana,32.0954,-96.4689,87.51,61,90,4.0,US,1625427025
stromness,58.965,-3.296,55.65,96,100,18.95,GB,1625427026
bealanana,-14.55,48.7333,56.55,98,56,3.62,MG,1625427026
nanortalik,60.1432,-45.2371,46.29,80,22,13.13,GL,1625427027
rawson,-43.3002,-65.1023,58.03,50,4,9.82,AR,1625427027
shubarshi,48.5872,57.1869,78.15,39,42,5.68,KZ,1625427028
saint-joseph,-21.3667,55.6167,68.36,74,13,12.66,RE,1625427028
ozark,37.0209,-93.206,87.33,59,53,1.99,US,1625427029
isangel,-19.55,169.2667,72.37,70,75,18.03,VU,1625427029
deputatskiy,69.3,139.9,71.13,49,25,4.85,RU,1625427030
westport,41.1415,-73.3579,78.98,81,90,1.99,US,1625426891
camacupa,-12.0167,17.4833,58.96,24,6,3.6,AO,1625427031
gasa,31.5,34.4667,81.91,67,0,9.1,PS,1625426814
cairns,-16.9167,145.7667,69.75,78,90,10.36,AU,1625427032
upernavik,72.7868,-56.1549,34.14,78,97,17.07,GL,1625427032
maniitsoq,65.4167,-52.9,39.51,97,100,13.42,GL,1625427033
victoria,22.2855,114.1577,86.32,84,84,1.99,HK,1625427015
tiznit,29.5833,-9.5,81.16,41,100,4.9,MA,1625426886
hithadhoo,-0.6,73.0833,83.32,69,100,8.3,MV,1625427034
clyde river,70.4692,-68.5914,35.83,87,90,10.36,CA,1625427035
kefamenanu,-9.4467,124.4781,63.46,86,19,4.0,ID,1625427035
kyra,49.5776,111.9753,59.52,78,100,3.29,RU,1625427035
asau,46.4333,26.4,65.39,94,100,3.89,RO,1625427036
gamba,-2.65,10.0,71.49,88,85,4.5,GA,1625427036
havre-saint-pierre,50.2334,-63.5986,64.76,63,1,9.22,CA,1625427037
raisinghnagar,29.5358,73.4492,90.9,44,28,3.56,IN,1625427038
vila velha,-20.3297,-40.2925,75.96,63,0,16.11,BR,1625427038
khovu-aksy,51.1333,93.6,59.11,57,6,5.01,RU,1625427039
tancanhuitz,21.6,-98.9667,89.01,62,60,5.01,MX,1625427039
kochi,9.9399,76.2602,78.78,85,100,8.66,IN,1625427040
kharp,66.8014,65.8081,44.4,68,54,5.1,RU,1625427040
aginskoye,51.1,114.53,61.0,79,98,1.36,RU,1625427041
ostrovnoy,68.0531,39.5131,45.93,90,2,7.14,RU,1625427041
bonthe,7.5264,-12.505,77.45,81,100,5.95,SL,1625427042
tambacounda,13.7539,-13.7586,93.25,52,20,6.91,SN,1625427043
ribeira grande,38.5167,-28.7,72.0,88,40,18.41,PT,1625427043
forecariah,9.4306,-13.0881,82.26,93,62,1.97,GN,1625427044
zhengjiatun,43.5064,123.5064,65.5,91,52,4.85,CN,1625427044
bathsheba,13.2167,-59.5167,86.61,66,20,14.97,BB,1625427045
goderich,43.7501,-81.7165,84.04,60,30,5.75,CA,1625427045
bandrele,-12.9067,45.1914,74.95,73,20,6.91,YT,1625427046
san quintin,30.4833,-115.95,72.54,70,6,14.56,MX,1625427046
monrovia,6.3005,-10.7969,80.37,83,100,6.85,LR,1625427047
cidreira,-30.1811,-50.2056,58.15,81,70,11.32,BR,1625427047
esmeraldas,-19.7625,-44.3139,73.51,29,0,4.81,BR,1625426930
caceres,39.522,-6.3748,80.8,40,0,12.35,ES,1625427048
talnakh,69.4865,88.3972,45.43,68,90,4.47,RU,1625427049
klaksvik,62.2266,-6.589,54.52,96,85,11.83,FO,1625427049
guerrero negro,27.9769,-114.0611,75.15,60,89,13.73,MX,1625426899
yago,21.8333,-105.0667,94.53,52,39,6.35,MX,1625427050
lagoa,39.05,-27.9833,69.58,93,0,20.96,PT,1625427050
dingle,10.9995,122.6711,74.91,92,91,7.05,PH,1625427051
portland,45.5234,-122.6762,84.87,51,1,1.01,US,1625427051
dudinka,69.4058,86.1778,42.75,68,13,4.47,RU,1625427052
cabo san lucas,22.8909,-109.9124,95.5,69,1,11.5,MX,1625427052
mar del plata,-38.0023,-57.5575,64.42,52,0,12.66,AR,1625427053
chistogorskiy,53.9835,87.3843,66.42,95,11,1.74,RU,1625427053
mirpur khas,25.5251,69.0159,85.53,64,0,20.24,PK,1625426949
bredasdorp,-34.5322,20.0403,52.92,76,29,11.5,ZA,1625427054
labuan,5.2767,115.2417,80.96,83,20,1.01,MY,1625427055
suleja,9.1758,7.1808,79.79,84,100,0.31,NG,1625427055
gushikawa,26.3544,127.8686,81.63,90,40,10.36,JP,1625427056
chulman,56.8479,124.9104,56.19,95,2,2.08,RU,1625427056
lossiemouth,57.7214,-3.2834,67.91,73,75,8.05,GB,1625427057
kishi,9.0833,3.85,74.23,78,100,7.16,NG,1625427057
fort frances,48.5999,-93.4003,90.16,53,1,9.22,CA,1625426870
kavieng,-2.5744,150.7967,81.55,78,17,8.32,PG,1625427059
chokurdakh,70.6333,147.9167,62.11,62,91,11.3,RU,1625427059
dikson,73.5069,80.5464,33.98,96,100,20.62,RU,1625427060
adelaide,-34.9333,138.6,47.43,89,75,1.01,AU,1625426917
auki,-8.7676,160.7034,77.14,87,94,3.27,SB,1625427061
gigmoto,13.7796,124.39,79.3,87,24,8.03,PH,1625427061
kaeo,-35.1,173.7833,48.33,91,100,6.82,NZ,1625427062
maues,-3.3836,-57.7186,78.87,81,85,4.14,BR,1625427062
princeton,25.5384,-80.4089,93.99,68,20,9.22,US,1625427063
port elizabeth,-33.918,25.5701,55.69,71,40,14.97,ZA,1625427063
bafq,31.6128,55.4107,92.98,14,2,7.2,IR,1625427064
severo-kurilsk,50.6789,156.125,50.16,71,6,12.28,RU,1625427064
kruisfontein,-34.0033,24.7314,51.89,78,11,13.58,ZA,1625427065
georgetown,5.4112,100.3354,81.9,87,20,1.01,MY,1625427012
vao,-22.6667,167.4833,71.51,65,100,25.55,NC,1625427066
saldanha,-33.0117,17.9442,50.05,72,88,5.32,ZA,1625427066
padang,-0.9492,100.3543,75.78,88,84,3.69,ID,1625427067
sangar,63.9242,127.4739,61.02,98,100,3.71,RU,1625427067
gewane,10.1664,40.6453,92.95,33,82,11.27,ET,1625427068
sandpoint,48.2766,-116.5533,89.85,35,1,1.99,US,1625426897
egvekinot,66.3167,-179.1667,35.37,94,100,2.59,RU,1625427069
chilca,-12.5211,-76.7372,66.85,77,1,8.41,PE,1625427069
saskylakh,71.9167,114.0833,49.17,62,96,13.11,RU,1625427070
knyaze-volkonskoye,48.4642,135.4567,70.14,96,100,3.4,RU,1625427070
jumla,29.2747,82.1838,59.74,96,51,0.54,NP,1625427071
nantucket,41.2835,-70.0995,66.34,79,75,12.66,US,1625427068
leningradskiy,69.3833,178.4167,40.05,72,24,9.35,RU,1625427072
klyuchi,52.2667,79.1667,71.46,66,96,5.7,RU,1625427073
mahebourg,-20.4081,57.7,73.26,83,40,17.27,MU,1625427074
rongotea,-40.3,175.4167,45.84,94,8,3.98,NZ,1625427074
richards bay,-28.783,32.0377,65.98,82,100,9.42,ZA,1625427076
esil,51.9556,66.4042,73.18,52,25,5.84,KZ,1625427076
copiapo,-27.3667,-70.3333,58.69,39,100,3.96,CL,1625427077
marzuq,14.4,46.4667,81.01,48,69,4.29,YE,1625427077
sao joao da barra,-21.6403,-41.0511,77.09,63,0,14.18,BR,1625427078
batagay,67.6333,134.6333,74.48,48,7,5.26,RU,1625427078
valley city,46.9233,-98.0032,92.39,35,1,17.27,US,1625427079
tiarei,-17.5333,-149.3333,77.02,82,1,15.3,PF,1625427079
upington,-28.4478,21.2561,46.78,57,5,3.44,ZA,1625427080
salvador,13.8333,-88.9167,84.06,68,96,0.16,SV,1625426873
lianran,24.9227,102.485,64.94,96,100,3.0,CN,1625427083
mehamn,71.0357,27.8492,46.58,74,44,2.42,NO,1625427083
sinnamary,5.3833,-52.95,76.62,85,100,5.21,GF,1625427084
basco,20.4487,121.9702,83.88,80,30,20.51,PH,1625427084
beringovskiy,63.05,179.3167,36.7,95,100,0.49,RU,1625427085
namibe,-15.1961,12.1522,67.59,86,64,2.95,AO,1625427085
san rafael,-34.6177,-68.3301,64.11,16,0,5.57,AR,1625427086
vagay,57.9375,69.0217,57.29,97,100,10.27,RU,1625427086
half moon bay,37.4636,-122.4286,83.53,67,20,1.01,US,1625427087
flinders,-34.5833,150.8552,51.19,70,89,7.0,AU,1625426789
lanzhou,36.0564,103.7922,67.28,41,66,3.04,CN,1625427088
raytown,39.0086,-94.4636,89.91,54,40,8.99,US,1625427088
constitucion,-35.3333,-72.4167,56.98,68,0,7.16,CL,1625427089
katangli,51.7102,143.2326,57.83,89,0,4.29,RU,1625427089
semey,50.4111,80.2275,74.05,69,78,5.59,KZ,1625427090
bhadasar,28.2833,74.3167,92.26,41,56,6.8,IN,1625427090
dodge city,37.7528,-100.0171,89.85,61,20,5.99,US,1625426955
le port,-20.9373,55.2919,69.76,87,7,6.13,RE,1625427091
khasan,42.4308,130.6434,61.97,94,100,4.36,RU,1625427092
winslow,35.0242,-110.6974,90.97,28,1,3.0,US,1625427092
acari,-15.4311,-74.6158,72.88,54,0,7.61,PE,1625427093
quelimane,-17.8786,36.8883,71.55,83,0,3.44,MZ,1625427093
proletarskiy,50.7914,35.7731,71.69,95,18,12.88,RU,1625427094
valparaiso,-33.0393,-71.6273,59.23,64,0,5.75,CL,1625426968
la palma,33.8464,-118.0467,94.96,62,20,5.99,US,1625427095
rosario,-32.9468,-60.6393,64.81,50,0,4.61,AR,1625427095
curup,-3.4667,102.5333,65.97,99,63,1.21,ID,1625427096
denizli,37.8402,29.0698,77.85,45,0,4.85,TR,1625427096
carnarvon,-24.8667,113.6333,59.07,73,10,0.0,AU,1625427097
naron,43.5167,-8.1528,69.6,96,100,9.95,ES,1625427097
oranjemund,-28.55,16.4333,55.98,71,1,21.14,NA,1625427098
luanda,-8.8368,13.2343,73.4,83,0,4.61,AO,1625427098
port-cartier,50.0334,-66.8654,73.62,46,100,8.37,CA,1625427099
grinnell,41.743,-92.7224,88.72,60,75,3.0,US,1625427099
wattegama,6.7989,81.4808,74.19,92,84,2.33,LK,1625427099
cadillac,44.2519,-85.4012,89.51,43,1,4.61,US,1625427100
abomey-calavi,6.4485,2.3557,80.46,74,20,11.5,BJ,1625427101
coihaique,-45.5752,-72.0662,54.21,98,100,4.07,CL,1625427101
anchorage,61.2181,-149.9003,63.68,75,40,1.01,US,1625426894
barguzin,53.6167,109.6167,57.27,86,2,2.01,RU,1625427102
buala,-8.145,159.5921,79.66,84,17,6.78,SB,1625427102
havelock,34.8791,-76.9013,87.98,55,40,1.01,US,1625426934
stornoway,58.2093,-6.3865,65.93,82,100,4.61,GB,1625427103
alofi,-19.0595,-169.9187,71.49,73,100,13.8,NU,1625427104
manzhouli,49.6,117.4333,61.57,85,100,4.52,CN,1625427104
koyelga,54.6522,60.9049,60.69,91,36,6.89,RU,1625427105
avera,33.194,-82.5271,89.47,27,0,1.39,US,1625427105
nhulunbuy,-12.2333,136.7667,74.01,78,40,14.97,AU,1625427106
san patricio,28.017,-97.5169,93.29,53,87,7.96,US,1625427106
andenes,69.3143,16.1194,58.06,87,0,10.36,NO,1625427107
sabla,12.7525,4.7077,92.98,38,22,7.65,NG,1625427107
kurchum,48.5722,83.6542,73.42,49,0,6.29,KZ,1625427108
lorengau,-2.0226,147.2712,80.46,82,91,6.49,PG,1625427108
chapais,49.7834,-74.8492,74.98,23,95,6.73,CA,1625427109
tres arroyos,-38.3739,-60.2798,56.39,40,100,7.4,AR,1625427109
alamosa,37.4695,-105.87,84.18,26,1,8.05,US,1625427110
ahipara,-35.1667,173.1667,53.04,79,93,8.41,NZ,1625427111
matara,5.9485,80.5353,78.13,89,58,9.64,LK,1625427111
ballina,-28.8667,153.5667,50.77,90,45,5.75,AU,1625427112
caravelas,-17.7125,-39.2481,72.59,75,2,10.42,BR,1625427112
kulhudhuffushi,6.6221,73.07,82.53,79,97,15.14,MV,1625427113
filingue,14.3521,3.3168,99.77,25,38,5.86,NE,1625427113
greytown,-29.0642,30.5928,52.21,94,100,3.4,ZA,1625427114
si racha,13.1737,100.9311,87.71,78,100,5.06,TH,1625427114
luganville,-15.5333,167.1667,77.07,82,99,18.57,VU,1625427115
komsomolets,53.7453,62.0708,66.07,77,9,8.28,KZ,1625427115
aklavik,68.2191,-135.0107,60.8,72,75,6.91,CA,1625427116
ulaanbaatar,47.9077,106.8832,59.13,82,75,2.24,MN,1625427024
kikwit,-5.041,18.8162,76.21,26,56,1.9,CD,1625427117
labuhan,-6.8844,112.2051,75.2,87,1,7.61,ID,1625427117
sosnogorsk,63.6023,53.8817,49.39,60,37,3.62,RU,1625427118
itupiranga,-5.1347,-49.3267,86.32,53,79,2.39,BR,1625427118
along,28.1667,94.7667,73.8,98,96,1.25,IN,1625427119
moree,-29.4667,149.85,33.82,93,3,4.61,AU,1625427119
mogadishu,2.0371,45.3438,76.55,84,40,18.12,SO,1625427120
general pico,-35.6566,-63.7568,61.99,48,0,6.38,AR,1625427075
inuvik,68.3499,-133.7218,60.84,80,90,6.91,CA,1625427121
kutum,14.2,24.6667,86.14,22,47,8.68,SD,1625427121
axim,4.8699,-2.2405,75.58,89,97,10.89,GH,1625427122
roald,62.5833,6.1333,68.92,88,0,8.05,NO,1625427123
oksfjord,70.2396,22.3479,59.07,49,67,5.32,NO,1625427123
xichang,27.8964,102.2634,68.27,95,100,1.01,CN,1625427124
lesnoy,57.6198,63.0784,48.94,98,100,10.56,RU,1625427124
port macquarie,-31.4333,152.9167,44.89,82,1,7.18,AU,1625427125
satun,6.8333,100.0,82.11,97,96,1.7,TH,1625427125
karratha,-20.7377,116.8463,65.05,66,32,5.5,AU,1625427126
santiago del estero,-27.7951,-64.2615,75.51,33,22,9.62,AR,1625427126
santa rosalia,27.3167,-112.2833,86.81,58,10,11.14,MX,1625427127
broome,42.2506,-75.833,79.7,60,1,4.0,US,1625427127
kangaatsiaq,68.3065,-53.4641,37.11,97,100,24.45,GL,1625427128
barra do garcas,-15.89,-52.2567,90.18,35,0,0.0,BR,1625427052
millinocket,45.6573,-68.7098,60.4,88,90,10.36,US,1625427128
araouane,18.9048,-3.5265,99.32,17,67,4.05,ML,1625427129
nyurba,63.2842,118.3319,56.14,92,52,2.8,RU,1625427129
comodoro rivadavia,-45.8667,-67.5,58.86,51,0,11.5,AR,1625427001
grindavik,63.8424,-22.4338,51.75,93,90,9.22,IS,1625427130
mitsamiouli,-11.3847,43.2844,76.66,70,5,3.62,KM,1625427131
baoding,38.8511,115.4903,77.27,64,100,4.76,CN,1625427131
tomatlan,19.9333,-105.25,90.03,55,35,7.45,MX,1625427132
pringsewu,-5.3582,104.9744,71.31,88,43,3.18,ID,1625427132
darhan,49.4867,105.9228,62.06,72,17,0.94,MN,1625427133
freeport,40.6576,-73.5832,82.38,70,90,3.0,US,1625427133
salinopolis,-0.6136,-47.3561,80.06,84,31,7.52,BR,1625427134
krasnoselkup,65.7,82.4667,45.63,66,100,10.74,RU,1625427134
olinda,-8.0089,-34.8553,78.53,65,40,5.75,BR,1625427135
ambon,-3.6954,128.1814,77.54,88,91,9.69,ID,1625427135
reyes,-14.3167,-67.3833,84.36,48,20,3.44,BO,1625427136
ilulissat,69.2167,-51.1,39.22,93,75,9.22,GL,1625427136
balintore,57.7556,-3.9123,68.09,94,100,4.81,GB,1625427137
neopolis,-10.32,-36.5794,74.34,86,2,5.91,BR,1625427137
kaitangata,-46.2817,169.8464,34.93,71,100,7.23,NZ,1625427138
sokoni,-6.4333,39.55,76.86,74,78,18.07,TZ,1625427138
avila,40.5833,-5.0,72.64,55,0,6.67,ES,1625427139
camacha,33.0833,-16.3333,70.56,78,20,12.66,PT,1625427139
magistralnyy,56.1725,107.4458,57.74,74,100,1.72,RU,1625427140
kapit,2.0167,112.9333,73.29,97,100,0.96,MY,1625427140
hovd,48.0056,91.6419,66.27,36,0,2.77,MN,1625427141
merzifon,40.8733,35.4631,63.86,72,75,4.61,TR,1625427141
tungor,53.3808,142.9564,61.72,80,0,9.69,RU,1625427142
ciudad bolivar,8.1222,-63.5497,87.31,51,63,5.14,VE,1625427142
nouakchott,18.0858,-15.9785,78.73,82,3,12.46,MR,1625427143
rodrigues alves,-7.738,-72.6509,89.8,37,33,1.25,BR,1625427143
port hardy,50.6996,-127.4199,55.58,88,75,5.75,CA,1625427144
bolobo,-2.1667,16.2333,82.4,35,91,1.28,CD,1625427145
kalga,50.9251,118.898,60.26,87,100,2.21,RU,1625427145
rocha,-34.4833,-54.3333,54.77,64,100,0.96,UY,1625427146
shimoda,34.6667,138.95,75.11,95,100,14.43,JP,1625427146
sistranda,63.7256,8.834,62.56,88,55,6.98,NO,1625427147
saint-augustin,51.226,-58.6502,62.96,48,100,13.82,CA,1625427147
emerald,-23.5333,148.1667,52.99,57,0,16.11,AU,1625427148
kieta,-6.2167,155.6333,79.0,84,63,5.14,PG,1625427148
tocopilla,-22.092,-70.1979,65.03,74,77,9.22,CL,1625427149
walvis bay,-22.9575,14.5053,57.09,82,4,4.61,NA,1625427149
seminole,28.7086,-81.2081,90.25,81,75,6.91,US,1625427150
saint-francois,46.4154,3.9054,64.47,87,0,2.3,FR,1625427150
bull savanna,17.8868,-77.5902,79.12,78,100,15.48,JM,1625427151
san juan,-31.5375,-68.5364,62.83,22,30,3.53,AR,1625427004
vryburg,-26.9566,24.7284,50.07,52,2,9.28,ZA,1625427152
apache junction,33.4151,-111.5496,96.82,43,75,4.0,US,1625427041
suda,59.1525,37.5582,55.51,69,0,5.1,RU,1625427152
kalmar,56.6616,16.3616,69.96,86,89,4.61,SE,1625427153
kaka,37.3482,59.6143,92.32,20,0,8.21,TM,1625427154
abnub,27.2696,31.1511,88.02,27,0,12.82,EG,1625427154
broken hill,-31.95,141.4333,38.91,93,100,1.14,AU,1625427155
derzhavinsk,51.1,66.3167,75.52,49,11,8.66,KZ,1625427155
santa teresa,10.2341,-66.6631,83.32,42,45,6.93,VE,1625427156
onega,63.9061,38.1404,58.87,59,4,5.44,RU,1625427156
sovetskiy,61.3614,63.5842,49.03,66,9,8.3,RU,1625427157
villa rica,33.7321,-84.9191,88.68,64,0,3.74,US,1625426906
vavuniya,8.7514,80.4971,76.14,94,72,6.33,LK,1625427158
mikuni,36.2171,136.1519,76.91,94,100,15.05,JP,1625427158
jatara,25.0167,79.05,92.25,40,95,12.48,IN,1625427159
batticaloa,7.7102,81.6924,80.47,83,62,7.65,LK,1625427159
greer,34.9387,-82.2271,87.91,49,40,1.01,US,1625427160
guarapari,-20.6667,-40.4975,75.9,66,0,7.99,BR,1625427160
vestmannaeyjar,63.4427,-20.2734,52.79,93,40,3.44,IS,1625427161
porto novo,6.4965,2.6036,80.42,81,100,6.91,BJ,1625427161
brookhaven,31.5791,-90.4407,86.25,50,15,4.61,US,1625426925
zhigansk,66.7697,123.3711,63.18,73,65,5.75,RU,1625427162
arriana,41.0833,25.7,76.86,71,82,1.5,GR,1625427162
mochudi,-24.4167,26.15,57.79,20,3,3.69,BW,1625427163
kelso,46.1468,-122.9084,86.88,70,40,3.44,US,1625427164
tromso,69.6496,18.957,70.45,62,0,17.27,NO,1625427164
ulladulla,-35.35,150.4667,48.09,78,45,6.98,AU,1625427165
provideniya,64.3833,-173.3,42.91,87,90,4.47,RU,1625427165
meadow lake,34.8014,-106.5436,93.61,32,17,6.58,US,1625427015
aykhal,66.0,111.5,57.94,65,100,9.13,RU,1625427166
ulaangom,49.9811,92.0667,65.5,45,14,1.21,MN,1625427166
queanbeyan,-35.35,149.2333,40.17,93,22,8.05,AU,1625427167
puerto rico,-26.796,-55.024,69.46,56,8,1.54,AR,1625427167
anicuns,-16.4611,-49.9617,77.58,27,5,4.47,BR,1625427168
neyshabur,36.2133,58.7958,82.85,25,0,3.78,IR,1625427168
banjar,-8.19,114.9675,80.46,88,74,5.06,ID,1625427169
gat,31.61,34.7642,80.82,100,0,4.43,IL,1625427169
necochea,-38.5473,-58.7368,58.35,49,100,7.14,AR,1625427170
banda aceh,5.5577,95.3222,79.21,82,61,9.51,ID,1625427170
kununurra,-15.7667,128.7333,49.98,71,100,0.0,AU,1625426943
madimba,-10.4,40.3333,71.37,85,2,8.34,TZ,1625427171
novyy urengoy,66.0833,76.6333,43.7,68,3,10.09,RU,1625427172
souris,49.6172,-100.2612,83.73,47,0,17.07,CA,1625427172
saravena,6.9538,-71.8752,72.91,98,100,1.79,CO,1625427173
concepcion del oro,24.6333,-101.4167,78.17,33,50,3.53,MX,1625427173
emba,48.8264,58.1442,82.38,29,100,4.76,KZ,1625427174
amahai,-3.3333,128.9167,75.97,90,100,2.86,ID,1625427174
khandyga,62.6667,135.6,69.71,56,47,3.49,RU,1625427175
tigil,57.8,158.6667,53.51,55,53,7.54,RU,1625427175
lompoc,34.6391,-120.4579,86.02,71,1,14.97,US,1625427176
canutama,-6.5339,-64.3831,88.99,40,93,2.91,BR,1625427176
lasa,46.6166,10.7002,59.02,95,100,6.2,IT,1625427177
adrar,20.5022,-10.0711,100.44,7,58,10.51,MR,1625427177
shumyachi,53.8583,32.4242,59.25,89,10,7.54,RU,1625427178
fernley,39.608,-119.2518,94.12,20,5,4.0,US,1625427178
madera,37.1666,-119.8343,100.87,27,0,4.0,US,1625427126
obama,35.4958,135.746,81.61,96,100,6.6,JP,1625427179
karlovo,42.6333,24.8,67.41,61,3,3.13,BG,1625427179
pankovka,58.5,31.1999,65.48,71,33,4.97,RU,1625427180
mahenge,-8.6833,36.7167,59.49,55,3,2.06,TZ,1625427181
shache,38.4167,77.2406,81.99,22,3,7.56,CN,1625427181
altay,47.8667,88.1167,70.79,40,21,6.33,CN,1625427182
usinsk,65.9939,57.5281,49.53,57,48,5.88,RU,1625427182
la ronge,55.1001,-105.2842,68.25,56,75,11.5,CA,1625427183
ventersburg,-28.0856,27.1381,45.43,52,2,7.85,ZA,1625427183
atambua,-9.1061,124.8925,66.02,80,28,5.21,ID,1625427184
isabela,6.7085,121.9711,77.07,89,90,3.2,PH,1625427184
meulaboh,4.1363,96.1285,74.98,90,85,4.03,ID,1625427185
huilong,31.8111,121.655,76.98,95,100,11.56,CN,1625427185
vardo,70.3705,31.1107,50.2,87,75,4.61,NO,1625427186
bara,10.3744,10.7288,78.4,67,49,12.21,NG,1625427186
sojat,25.9167,73.6667,89.83,45,72,12.59,IN,1625427187
srednekolymsk,67.45,153.6833,75.06,24,47,5.12,RU,1625427187
sao lourenco da serra,-23.8525,-46.9425,66.61,85,95,4.99,BR,1625427188
steinbach,50.1667,8.5667,66.09,87,20,6.91,DE,1625427188
hasaki,35.7333,140.8333,68.4,96,100,9.6,JP,1625427189
college,64.8569,-147.8028,67.59,52,75,0.0,US,1625427189
komsomolskiy,40.4272,71.7189,84.92,23,83,6.91,UZ,1625427190
iqaluit,63.7506,-68.5145,47.93,76,75,18.99,CA,1625427190
chiredzi,-21.05,31.6667,62.71,23,0,3.78,ZW,1625427191
ust-kuyga,70.0167,135.6,69.28,63,100,3.87,RU,1625427191
cosenza,39.31,16.2502,70.72,48,85,4.99,IT,1625427192
yar-sale,66.8333,70.8333,42.48,72,11,1.68,RU,1625427192
cap-aux-meules,47.3821,-61.8597,55.45,88,90,12.66,CA,1625427182
frome,51.2283,-2.3221,61.79,90,32,8.28,GB,1625427193
ambilobe,-13.2,49.05,67.71,84,4,4.16,MG,1625427194
yenagoa,4.9247,6.2642,74.16,93,100,6.93,NG,1625427194
budogoshch,59.2816,32.4707,61.84,62,0,5.73,RU,1625427195
ayan,56.45,138.1667,55.15,95,100,0.54,RU,1625427195
valdez,1.2492,-78.9831,78.91,81,20,8.86,EC,1625427196
maniwaki,46.3834,-75.966,73.78,43,0,4.61,CA,1625427196
esperance,-33.8667,121.9,51.64,73,7,13.02,AU,1625427197
alice springs,-23.7,133.8833,35.15,75,72,0.0,AU,1625427197
utete,-7.986,38.758,67.44,92,15,2.26,TZ,1625427198
waipawa,-41.4122,175.5153,48.45,92,17,6.64,NZ,1625427198
turukhansk,65.8167,87.9833,48.34,85,100,8.25,RU,1625427199
ust-omchug,61.15,149.6333,62.83,79,22,2.95,RU,1625427199
ouadda,8.0777,22.4007,69.84,96,100,1.41,CF,1625427200
were ilu,10.6,39.4333,60.42,56,89,2.93,ET,1625427200
bayir,37.2687,28.2167,73.92,47,0,5.17,TR,1625427201
khanpur,28.6453,70.6567,95.5,34,23,1.72,PK,1625427202
hambantota,6.1241,81.1185,79.14,84,72,15.75,LK,1625427202
bangui,4.3612,18.555,77.18,78,40,4.61,CF,1625427203
arawa,-6.2132,155.5367,76.62,91,71,3.74,PG,1625427203
touros,-5.1989,-35.4608,83.3,73,7,12.97,BR,1625427204
moranbah,-22.0016,148.0466,50.32,64,0,12.73,AU,1625427204
karakol,42.4907,78.3936,57.33,70,98,1.66,KG,1625427205
jiaozuo,35.2397,113.2331,77.04,74,8,5.75,CN,1625427205
rovaniemi,66.5,25.7167,74.61,53,0,8.05,FI,1625427206
warmbad,-28.45,18.7333,50.27,41,3,5.5,NA,1625427206
dehloran,32.6941,47.2679,96.98,9,0,9.62,IR,1625427207
gribanovskiy,51.4579,41.9764,65.39,95,93,8.28,RU,1625427207
serebryansk,49.6925,83.2892,63.95,68,8,2.48,KZ,1625427208
krasnyy chikoy,50.3643,108.7512,60.94,80,90,1.52,RU,1625427208
prince rupert,54.3161,-130.3201,56.89,97,90,5.75,CA,1625426999
general roca,-39.0333,-67.5833,64.8,24,0,3.15,AR,1625427209
bechem,7.0903,-2.025,72.95,92,87,3.51,GH,1625427210
guangshui,31.6199,113.9978,73.53,97,99,1.36,CN,1625427210
suining,30.508,105.5733,73.89,89,99,5.12,CN,1625427024
seoul,37.5683,126.9778,69.4,86,75,1.14,KR,1625427008
camopi,3.1655,-52.3158,77.0,96,96,0.78,GF,1625427211
algiers,36.7525,3.042,82.22,39,0,3.44,DZ,1625427212
savinskiy,62.9342,40.1361,53.64,61,7,3.22,RU,1625427212
antofagasta,-23.65,-70.4,60.08,70,49,5.61,CL,1625427213
teguise,29.0605,-13.564,70.02,68,20,25.32,ES,1625427214
fortuna,40.5982,-124.1573,89.42,85,90,11.5,US,1625427214
istok,42.7808,20.4875,71.17,68,34,4.76,XK,1625427215
roros,62.5747,11.3842,67.84,52,28,5.75,NO,1625427215
pirgos,35.1167,25.7178,78.48,61,0,4.03,GR,1625427216
hokitika,-42.7167,170.9667,41.36,83,100,5.28,NZ,1625427216
ghanzi,-21.5667,21.7833,56.05,21,0,5.64,BW,1625427217
balakhta,55.38,91.6,62.47,90,25,2.15,RU,1625427217
troitsko-pechorsk,62.7084,56.1964,47.23,66,22,5.06,RU,1625427218
trat,12.5,102.5,83.79,91,97,1.61,TH,1625427218
lasem,-6.6922,111.4527,75.09,84,0,5.55,ID,1625427219
khombole,14.7667,-16.7,87.89,54,0,12.35,SN,1625427219
poum,-20.2333,164.0167,73.38,78,75,30.11,NC,1625427220
krasnovishersk,60.4078,57.082,48.33,67,0,4.52,RU,1625427220
semirom,31.4167,51.5667,68.34,19,4,4.63,IR,1625427221
khudumelapye,-23.8833,24.75,55.8,23,3,8.48,BW,1625427221
pantai remis,4.4557,100.6288,75.56,87,77,0.85,MY,1625427222
vitim,59.4511,112.5578,59.4,74,71,1.25,RU,1625427222
puerto colombia,10.9878,-74.9547,87.89,71,98,5.61,CO,1625427223
hay river,60.8156,-115.7999,55.38,71,40,8.05,CA,1625427223
mendi,-6.1761,143.6513,54.32,97,75,2.84,PG,1625427224
cajamarca,-7.1638,-78.5003,71.67,20,20,10.36,PE,1625427224
ambunti,-4.2365,142.8448,72.28,99,100,0.51,PG,1625427225
nicoya,10.1483,-85.452,80.15,76,57,3.42,CR,1625427225
druskininkai,54.0167,23.9667,63.41,98,100,6.2,LT,1625427226
alyangula,-13.8483,136.4192,64.27,72,39,4.61,AU,1625427226
marana,32.4367,-111.2254,96.55,42,1,3.44,US,1625427227
gambela,8.25,34.5833,72.73,84,80,4.12,ET,1625427227
manaure,11.7751,-72.4445,86.92,59,33,5.59,CO,1625427228
samarai,-10.6167,150.6667,79.79,84,47,8.48,PG,1625427228
alindao,5.0267,21.2088,69.37,97,100,2.98,CF,1625427229
montevideo,-34.8335,-56.1674,64.11,48,0,4.61,UY,1625427150
monywa,22.1167,95.1333,83.89,67,91,11.3,MM,1625427230
ilhabela,-23.7781,-45.3581,66.15,81,99,4.45,BR,1625427230
rio branco,-9.9747,-67.81,88.41,48,20,4.61,BR,1625427231
bani walid,31.7566,13.9942,87.85,30,0,8.23,LY,1625427231
cazones,20.7167,-97.3167,91.2,62,20,9.22,MX,1625427232
jizan,17.3333,42.6667,92.34,59,6,2.1,SA,1625427232
maceio,-9.6658,-35.7353,80.04,73,40,8.05,BR,1625427022
quatre cocos,-20.2078,57.7625,73.09,75,56,17.87,MU,1625427233
baiyin,36.5583,104.2081,65.28,35,66,2.73,CN,1625427234
buin,-33.7333,-70.75,70.05,29,0,2.68,CL,1625427234
toropets,56.4978,31.6353,61.61,83,95,4.23,RU,1625427235
yerofey pavlovich,53.9667,121.9667,57.4,96,100,2.28,RU,1625427235
aksu,41.1231,80.2644,85.12,20,88,5.57,CN,1625427236
muros,42.7762,-9.0603,67.86,92,100,9.91,ES,1625427236
kysyl-syr,63.8986,122.7617,61.3,85,100,7.36,RU,1625427237
linxia,35.6003,103.2064,58.5,59,65,3.94,CN,1625427237
